Catégorie,Nutriment,Référence nutritionnelle pour la population (RNP),Âge,Genre,AS,BNM,RNP,IR,LSS,FORMULE,MJ,KCAL,,,,
Énergie,,Adultes,60–69 ans NAP=1.4,Femmes,ND ,6.8 MJ/jour,NA. ,ND ,ND ,6.8,6.8,1625.59,,,,
Énergie,,Adultes,70–79 ans NAP=1.4,Femmes,ND ,6.8 MJ/jour,NA. ,ND ,ND ,6.8,6.8,1625.59,,,,
Énergie,,Adultes,40–49 years PAL=1.4,Femmes,ND ,7.5 MJ/jour,NA. ,ND ,ND ,7.5,7.5,1792.93,,,,
Énergie,,Adultes,50–59 ans NAP=1.4,Femmes,ND ,7.5 MJ/jour,NA. ,ND ,ND ,7.5,7.5,1792.93,,,,
Énergie,,Adultes,30–39 ans NAP=1.4,Femmes,ND ,7.6 MJ/jour,NA. ,ND ,ND ,7.6,7.6,1816.83,,,,
Énergie,,Adultes,70–79 ans NAP=1.6,Femmes,ND ,7.7 MJ/jour,NA. ,ND ,ND ,7.7,7.7,1840.74,,,,
Énergie,,Adultes,60–69 ans NAP=1.6,Femmes,ND ,7.8 MJ/jour,NA. ,ND ,ND ,7.8,7.8,1864.64,,,,
Énergie,,Adultes,18–29 ans NAP=1.4,Femmes,ND ,7.9 MJ/jour,NA. ,ND ,ND ,7.9,7.9,1888.55,,,,
Énergie,,Adultes,70–79 ans NAP=1.4,Hommes,ND ,8.3 MJ/jour,NA. ,ND ,ND ,8.3,8.3,1984.17,,,,
Énergie,,Adultes,60–69 ans NAP=1.4,Hommes,ND ,8.4 MJ/jour,NA. ,ND ,ND ,8.4,8.4,2008.08,,,,
Énergie,,Adultes,50–59 ans NAP=1.6,Femmes,ND ,8.5 MJ/jour,NA. ,ND ,ND ,8.5,8.5,2031.98,,,,
Énergie,,Adultes,40–49 years PAL=1.6,Femmes,ND ,8.6 MJ/jour,NA. ,ND ,ND ,8.6,8.6,2055.89,,,,
Énergie,,Adultes,30–39 ans NAP=1.6,Femmes,ND ,8.7 MJ/jour,NA. ,ND ,ND ,8.7,8.7,2079.80,,,,
Énergie,,Adultes,70–79 ans NAP=1.8,Femmes,ND ,8.7 MJ/jour,NA. ,ND ,ND ,8.7,8.7,2079.80,,,,
Énergie,,Adultes,60–69 ans NAP=1.8,Femmes,ND ,8.8 MJ/jour,NA. ,ND ,ND ,8.8,8.8,2103.70,,,,
Énergie,,Adultes,18–29 ans NAP=1.6,Femmes,ND ,9 MJ/jour,NA. ,ND ,ND ,9 ,9 ,2151.51,,,,
Énergie,,Adultes,50–59 ans NAP=1.4,Hommes,ND ,9.2 MJ/jour,NA. ,ND ,ND ,9.2,9.2,2199.32,,,,
Énergie,,Adultes,40–49 ans NAP=1.4,Hommes,ND ,9.3 MJ/jour,NA. ,ND ,ND ,9.3,9.3,2223.23,,,,
Énergie,,Adultes,30–39 ans NAP=1.4,Hommes,ND ,9.5 MJ/jour,NA. ,ND ,ND ,9.5,9.5,2271.04,,,,
Énergie,,Adultes,70–79 ans NAP=1.6,Hommes,ND ,9.5 MJ/jour,NA. ,ND ,ND ,9.5,9.5,2271.04,,,,
Énergie,,Adultes,60–69 ans NAP=1.6,Hommes,ND ,9.6 MJ/jour,NA. ,ND ,ND ,9.6,9.6,2294.95,,,,
Énergie,,Adultes,50–59 ans NAP=1.8,Femmes,ND ,9.6 MJ/jour,NA. ,ND ,ND ,9.6,9.6,2294.95,,,,
Énergie,,Adultes,70–79 ans NAP=2.0,Femmes,ND ,9.6 MJ/jour,NA. ,ND ,ND ,9.6,9.6,2294.95,,,,
Énergie,,Adultes,40–49 years PAL=1.8,Femmes,ND ,9.7 MJ/jour,NA. ,ND ,ND ,9.7,9.7,2318.85,,,,
Énergie,,Adultes,60–69 ans NAP=2.0,Femmes,ND ,9.7 MJ/jour,NA. ,ND ,ND ,9.7,9.7,2318.85,,,,
Énergie,,Adultes,18–29 ans NAP=1.4,Hommes,ND ,9.8 MJ/jour,NA. ,ND ,ND ,9.8,9.8,2342.76,,,,
Énergie,,Adultes,30–39 ans NAP=1.8,Femmes,ND ,9.8 MJ/jour,NA. ,ND ,ND ,9.8,9.8,2342.76,,,,
Énergie,,Adultes,18–29 ans NAP=1.8,Femmes,ND ,10.1 MJ/jour,NA. ,ND ,ND ,10.1,10.1,2414.48,,,,
Énergie,,Adultes,50–59 ans NAP=1.6,Hommes,ND ,10.5 MJ/jour,NA. ,ND ,ND ,10.5,10.5,2510.10,,,,
Énergie,,Adultes,40–49 ans NAP=1.6,Hommes,ND ,10.7 MJ/jour,NA. ,ND ,ND ,10.7,10.7,2557.91,,,,
Énergie,,Adultes,70–79 ans NAP=1.8,Hommes,ND ,10.7 MJ/jour,NA. ,ND ,ND ,10.7,10.7,2557.91,,,,
Énergie,,Adultes,40–49 ans NAP=2.0,Femmes,ND ,10.7 MJ/jour,NA. ,ND ,ND ,10.7,10.7,2557.91,,,,
Énergie,,Adultes,50–59 ans NAP=2.0,Femmes,ND ,10.7 MJ/jour,NA. ,ND ,ND ,10.7,10.7,2557.91,,,,
Énergie,,Adultes,30–39 ans NAP=1.6,Hommes,ND ,10.8 MJ/jour,NA. ,ND ,ND ,10.8,10.8,2581.82,,,,
Énergie,,Adultes,30–39 ans NAP=2.0,Femmes,ND ,10.8 MJ/jour,NA. ,ND ,ND ,10.8,10.8,2581.82,,,,
Énergie,,Adultes,60–69 ans NAP=1.8,Hommes,ND ,10.9 MJ/jour,NA. ,ND ,ND ,10.9,10.9,2605.72,,,,
Énergie,,Adultes,18–29 ans NAP=1.6,Hommes,ND ,11.2 MJ/jour,NA. ,ND ,ND ,11.2,11.2,2677.44,,,,
Énergie,,Adultes,18–29 ans NAP=2.0,Femmes,ND ,11.2 MJ/jour,NA. ,ND ,ND ,11.2,11.2,2677.44,,,,
Énergie,,Adultes,50–59 ans NAP=1.8,Hommes,ND ,11.9 MJ/jour,NA. ,ND ,ND ,11.9,11.9,2844.78,,,,
Énergie,,Adultes,70–79 ans NAP=2.0,Hommes,ND ,11.9 MJ/jour,NA. ,ND ,ND ,11.9,11.9,2844.78,,,,
Énergie,,Adultes,40–49 ans NAP=1.8,Hommes,ND ,12 MJ/jour,NA. ,ND ,ND ,12,12,2868.68,,,,
Énergie,,Adultes,60–69 ans NAP=2.0,Hommes,ND ,12.1 MJ/jour,NA. ,ND ,ND ,12.1,12.1,2892.59,,,,
Énergie,,Adultes,30–39 ans NAP=1.8,Hommes,ND ,12.2 MJ/jour,NA. ,ND ,ND ,12.2,12.2,2916.50,,,,
Énergie,,Adultes,18–29 ans NAP=1.8,Hommes,ND ,12.6 MJ/jour,NA. ,ND ,ND ,12.6,12.6,3012.12,,,,
Énergie,,Adultes,50–59 ans NAP=2.0,Hommes,ND ,13.2 MJ/jour,NA. ,ND ,ND ,13.2,13.2,3155.55,,,,
Énergie,,Adultes,40–49 ans NAP=2.0,Hommes,ND ,13.4 MJ/jour,NA. ,ND ,ND ,13.4,13.4,3203.36,,,,
Énergie,,Adultes,30–39 ans NAP=2.0,Hommes,ND ,13.5 MJ/jour,NA. ,ND ,ND ,13.5,13.5,3227.27,,,,
Énergie,,Adultes,18–29 ans NAP=2.0,Hommes,ND ,14 MJ/jour,NA. ,ND ,ND ,14 ,14 ,3346.80,,,,
